EK GARANTİ KODU;Tek ve Çift Kapılı Statik Buzdolapları (Ölçüler : Derinlik - Genişlik - Yükseklik);;;Eski Fiyat;Liste Fiyatı;Peşin Fiyat;KAMPANYASI;
-;OTB 51223 M;25lt oto buzdolabı soğutma/ısıtma;;10.104 TL;8420;7999;ÖZEL FİYATLI ÜRÜN;
2BD1;754140 MB;Net 114 lt, tezgah seviyesi buzdolabı, beyaz, 59-54-84 CM, E;;17.688 TL;14740;13999;;
2BD2;854257 MB;Net 257 lt çift kapılı,statik buzdolabı, tropikal, beyaz, 59-54-160 CM, E;;29.052 TL;24210;22999;;
EK GARANTİ KODU;Neo Frost Buzdolapları (Ölçüler : Derinlik - Genişlik - Yükseklik);;;Eski Fiyat;Liste Fiyatı;Peşin Fiyat;KAMPANYASI;
2BD3;B 69400 NFK;Net 370 lt,ankastre  kombi çift kapılı,no frost buzdolabı,HOMEWHIZ,PROSMART INVERTER,HarvestFresh,beyaz, D,55-69-194 cm;;68.214 TL;56845;53999;ÖZEL FİYATLI ÜRÜN;
2BD4;970357 MB;Net 357 lt, çift kapılı, neo frost buzdolabı, ProSmart Inverter Kompresör, tropikal, beyaz, E, 65.5-70-172 cm;;50.526 TL;42105;39999;BU ÜRÜNLERDEN ALANA KMPOTB 51223 M HEDİYE VEYA 4000TL EK İNDİRİM;
2BD5;970406 MB;Net 406 lt, çift kapılı,neo frost buzdolabı, tropikal, beyaz, 66-70-185 CM, E;;53.052 TL;44210;41999;;
2BD6;970477 MB;Net 477 lt, çift kapılı, no frost buzdolabı,AEROFLOW, tropikal, beyaz, 75-70-187 cm, E;;58.104 TL;48420;45999;;
2BD7;970477 EB;Net 477 lt, çift kapılı,AeroFlow ,Elektronik display,neo frost buzdolabı,tropikal, beyaz,75-70-187 CM, E;;59.370 TL;49475;46999;;
2BD8;970475 EI;Net 477 lt, çift kapılı,AeroFlow ,Harvest Fresh-EverFresh+,Elektronik display,neo frost buzdolabı,tropikal,inox,75-70-187.CM, E;;63.162 TL;52635;49999;;
2BD9;670475 EB;Net 475 lt, kombi çift kapılı, neo frost buzdolabı,AeroFlow, HarvestFresh, beyaz, 75-70-187 cm, E;;56.844 TL;47370;44999;;
2BD10;670475 EI;Net 475 lt, kombi çift kapılı,neo frost buzdolabı,AeroFlow, Harvest Fresh,tropikal,inox,75-70-187 CM, E;;60.636 TL;50530;47999;;
2BD11;670490 IEB;Net 490 lt, kombi çift kapılı,AeroFlow no frost buzdolabı,ProSmart Inverter Kompresör,HARVEST FRESH,tropikal, beyaz , 75-70-192 CM, E;;55.578 TL;46315;43999;;
2BD12;670490 IEI;Net 490 lt, kombi çift kapılı,AeroFlow no frost buzdolabı,ProSmart Inverter Kompresör,HARVEST FRESH,tropikal, inox , 75-70-192 CM, E;;65.688 TL;54740;51999;;
2BD13;678550 EB FIT;Net 551 lt, kombi çift kapılı,neo frost buzdolabı,ElegantFit,ProSmart Inverter Kompresör,HARVEST FRESH,tropikal, beyaz, 76-78-188CM, E;;80.844 TL;67370;63999;;
;678550 EI FIT;Net 551 lt, kombi çift kapılı,neo frost buzdolabı,ElegantFit,AeroFlow,ProSmart Inverter Kompresör,HARVEST FRESH,tropikal, inox, 76-78-188CM, E;;80.844 TL;67370;63999;;
2BD14;678551 ESC;Net 551 lt,kombi çift kapılı,neofrost buzdolabı,ProSmart Inverter Kompresör,AEROFLOW,HARVEST,EVERFRESH+,HOMEWHIZ,NutriFreeze,tropikal,siyah cam, 76-78-187CM, D;;92.214 TL;76845;72999;;
2BD15;683613 EB;Net 615 lt, kombi çift kapılı, no frost buzdolabı,AeroFlow,PROSMART INVERTER,HarvestFresh, beyaz, 76-83-193 cm, D;;84.636 TL;70530;66999;;
2BD16;683613 EI;Net 615 lt, kombi çift kapılı, no frost buzdolabı,AeroFlow,PROSMART INVERTER,HarvestFresh, beyaz, 76-83-193 cm, D;;85.896 TL;71580;67999;;
2BD17;191572 EI;Net 572 lt, 4 kapılı, gardırop tipi, ProSmart Inverter Kompresör,HARVESTFRESH, neo frost buzdolabı, tropikal, inox, E, 70.5-90.8-182 cm;;104.844 TL;87370;82999;;
2BD18;191572 EBS;Net 565 lt, 4 kapılı, gardırop tipi, su pınarlı,prosmart inverter, everfresh,harvestfresh, neo frost buzdolabı, tropikal, beyaz, E, 70.5-90.8-182 cm;;125.052 TL;104210;98999;;
2BD19;191572 ESC;Net 572 lt, 4 kapılı, gardırop tipi, prosmart inverter, HarvestFresh,Everfresh, neo frost buzdolabı, tropikal, siyah cam, E, 70.5-90.8-182 cm;;131.370 TL;109475;103999;;
2BD20;660316 MB;Net 316 lt, kombi çift kapılı,Aero Flow, no frost buzdolabı, tropikal, beyaz, 66-60-187 CM, E;;37.266 TL;31055;29499;WEB ÖZEL;
2BD21;660316 MI;Net 316 lt, kombi çift kapılı,Aero Flow, no frost buzdolabı, tropikal, inox, 66-60-187 CM, E;;38.526 TL;32105;30499;;
2BD22;670475 MB;Net 475 lt, kombi çift kapılı, neo frost buzdolabı, beyaz, E, 75-70-187 cm;;43.578 TL;36315;34499;;
2BD23;670475 MI;Net 475 lt, kombi çift kapılı, neo frost buzdolabı, INOX, E, 75-70-187 cm;;46.104 TL;38420;36499;;
2BD24;978556 EI;Net 557 lt, çift kapılı,ProSmart Inverter Kompresör, HARVESTFRESH,Aero Flow,no frost buzdolabı, tropikal, Inox , 76-78-186 CM, E;;48.630 TL;40525;38499;;
2BD25;674533 MB;Net 532 lt, kombi çift kapılı, neo frost buzdolabı, ProSmart Inverter, HARVESTFRESH, tropikal, beyaz, E, 76-74-186 cm;;57.474 TL;47895;45499;;
2BD26;674581 EI;Net 532 lt, kombi çift kapılı, no frost buzdolabı, ProSmart Inverter Kompresör, EverFresh, tropikal, inox, 76-74-186 cm, E;;61.266 TL;51055;48499;;
2BD27;683616 EI;Net 615 lt, kombi çift kapılı, neo frost buzdolabı,HOMEWHIZ,Everfresh, ProSmart Inverter Kompresör, inox, C, 76-83-193 cm;;76.422 TL;63685;60499;;
EK GARANTİ KODU;Su Sebili (Ölçüler : Derinlik - Genişlik - Yükseklik);;;Eski Fiyat;Liste Fiyatı;Peşin Fiyat;KAMPANYASI;
-;BSS-2203;Su sebili (beyaz), 32-31-93 CM,sıcak/soğuk,;;9.474 TL;7895;7499;ÖZEL FİYATLI ÜRÜN;
-;BSS-4600;Su sebili (silver), 36-31-104 CM,sıcak/soğuk,alttan damacanalı;;14.526 TL;12105;11499;;
;;;;;;;;
EK GARANTİ KODU;Dikey Derin Dondurucular (Ölçüler : Derinlik - Genişlik - Yükseklik);;;Eski Fiyat;Liste Fiyatı;Peşin Fiyat;KAMPANYASI;
2DD1;7030 MB;3 çek, Net 65 lt, tropikal, STATİK, dikey derin dondurucu, beyaz, 50-48-82 CM, E;;21.474 TL;17895;16999;BU ÜRÜNLERDEN ALANA KMPMOC201102W 20LT BEYAZ MİKRODALGA HEDİYE VEYA 2000TL EK İNDİRİM;
2DD2;7362 NFB;ProSmart Inverter Kompresör,6 çek, Net 220lt, tropikal, NOFROST,dikey derin dondurucu, beyaz, 71-60-152 CM, E;;42.948 TL;35790;33999;;
2DD3;7071 NFB;ProSmart Inverter Kompresör,7 çek, Net 260lt, tropikal, NOFROST,dikey derin dondurucu, beyaz, 75-60-171 CM, E;;45.474 TL;37895;35999;;
2DD4;7375 JEB;ProSmart Inverter Kompresör,7 çek JOKER, Net 260lt, tropikal,NOFROST,HOME WHIZ,JOKER,dikey derin dondurucu,beyaz,75-60-171 CM, E;;49.266 TL;41055;38999;;
2DD5;7375 JEI;ProSmart Inverter Kompresör,7 çek JOKER, Net 260lt, tropikal,NOFROST,HOME WHIZ,JOKER,dikey derin dondurucu,inox,75-60-171 CM, E;;50.526 TL;42105;39999;;
2DD6;7781 EB;ProSmart Inverter Kompresör,8 çek, Net 404lt, tropikal,NOFROST, dikey derin dondurucu, beyaz, 81-70-191 CM, E;;59.370 TL;49475;46999;;
;7083 EI;ProSmart Inverter Kompresör,8 çek MULTİMOD,Net 240lt, tropikal,NOFROST,dikey derin dondurucu,inox, 70-60-185 CM, E;;59.370 TL;49475;46999;;
2DD7;7032 MB;3 çek, Net 95lt, tropikal, STATİK,dikey derin dondurucu, beyaz, 59-54-84 CM, E;;17.682 TL;14735;13999;WEB ÖZEL;
2DD8;7043 MB;4 çek, Net 117lt, tropikal, STATİK,dikey derin dondurucu, beyaz, 64-54-102 CM, E;;20.214 TL;16845;15999;;
2DD9;7681 EB;ProSmart Inverter Kompresör,8 çek, Net 286lt, tropikal, NOFROST,dikey derin dondurucu, beyaz, 75-60-187 CM, E;;41.052 TL;34210;32499;;
;;;;;;;;
EK GARANTİ KODU;Statik Yatay Derin Dondurucular (Ölçüler : Derinlik - Genişlik - Yükseklik);;;Eski Fiyat;Liste Fiyatı;Peşin Fiyat;KAMPANYASI;
2DD10;3205 JE;Net 205 lt, Üstten kapaklı, tropikal, statik, derin dondurucu, beyaz,JOKER, 68-76-91 cm, E;;30.318 TL;25265;23999;BU ÜRÜNLERDEN ALANA KMPMOC201102W 20LT BEYAZ MİKRODALGA HEDİYE VEYA 2000TL EK İNDİRİM;
2DD11;3298 JEM;Net 298 lt, Üstten kapaklı, tropikal, statik, derin dondurucu, beyaz, JOKER, 69-111-86 cm, E;;37.896 TL;31580;29999;;
2DD12;3360 JEM;Net 360 lt, Üstten kapaklı, tropikal,statik, derin dondurucu, beyaz, JOKER , 69-129-86 cm, E;;41.688 TL;34740;32999;;
2DD3;3451 E;Net 451 lt, Üstten kapaklı tropikal derin dondurucu, 68-156-86 CM, E;;45.474 TL;37895;35999;;
2DD13;3298 JEMG;Net 298 lt, Üstten kapaklı, tropikal, statik, derin dondurucu, silver, JOKER, 69-111-86 cm, E;;28.548 TL;23790;22599;WEB ÖZEL;
;;;;0 TL;;;;
EK GARANTİ KODU;Çamaşır Makineleri (Ölçüler : Derinlik - Genişlik - Yükseklik);;;Eski Fiyat;Liste Fiyatı;Peşin Fiyat;KAMPANYASI;
2ÇM1;BM3WFSU37213WA;7 kg, 1200 d/d, geniş beyaz kapak, çamaşır makinesi, beyaz, PROSMART INVERTER, 50-60-84 cm, A;;25.266 TL;21055;19999;KMPVCO 32801 AR TOZ TORBASIZ SÜPÜRGE HEDİYE VEYA 4000TL EK İNDİRİM;
2ÇM2;CMX 8100;8 kg, 1000 d/d, geniş kapak, çamaşır makinesi, beyaz , ProSmart Inverter, 59-60-84 cm, A;;26.526 TL;22105;20999;;
2ÇM3;CMXD 9100;9 kg, 1000 d/d, geniş siyah kapak, çamaşır makinesi, beyaz, PROSMART INVERTER, A, 64-60-84 cm;;30.318 TL;25265;23999;;
2ÇM4;CMXD 9120;9 kg, 1200 d/d, geniş siyah kapak, çamaşır makinesi, beyaz, PROSMART INVERTER, 84-60-64 cm, A;;32.844 TL;27370;25999;;
2ÇM5;CMXD 9120 S;9 kg, 1200 d/d, geniş siyah kapak, çamaşır makinesi, silver, PROSMART INVERTER, 58-60-85 cm, A ;;41.688 TL;34740;32999;;
2ÇM6;CMX 10120 ;10 kg, PREMIUM KAPAK 1200 d/d, geniş kapak, çamaşır makinesi, beyaz,ENERGYSPIN,ProSmart Inverter,    64-60-84 cm , A;;36.636 TL;30530;28999;;
2ÇM7;CMX 10120 S;10 kg, 1200 d/d, PREMIUM kapak, çamaşır makinesi, silver, ENERGYSPIN,PROSMART INVERTER, A, 58-60-85 cm;;40.422 TL;33685;31999;;
2ÇM8;CMX 11140;11 kg, 1400 d/d, geniş kapak, çamaşır makinesi, Beyaz, PROSMART INVERTER, 67-60-84 cm, A;;42.948 TL;35790;33999;;
2ÇM9;CMX 12140;12 kg, PREMIUM KAPAK 1400 d/d, geniş kapak, çamaşır makinesi, Beyaz,ProSmart Inverter, 63-60-85 cm, A;;44.214 TL;36845;34999;;
2ÇM10;CMX 1070 YK I;10kg yıkama 7kg kurutma makinası, 1200 d/d, bacasız, beyaz,IRONFINISH, geniş kapak, 60-60-84,5 cm , D;;49.266 TL;41055;38999;;
2ÇM11;CMB 9140 OG;9 kg, 1400 d/d, geniş kapak, çamaşır makinesi, manhattan grey, PROSMART INVERTER,HOMEWHIZ,AUTO DOSAGE, 58-60-85 cm, A-%50 ;;37.896 TL;31580;29999;WEB ÖZEL;
2ÇM12;CM 11141;11 kg, PREMIUM KAPAK 1400 d/d, geniş kapak, çamaşır makinesi, Beyaz,ProSmart Inverter, 67-60-84 cm, A;;27.792 TL;23160;21999;;
;;;;;;;;
EK GARANTİ KODU;;SAVE WATER ;;Eski Fiyat;Liste Fiyatı;Peşin Fiyat;KAMPANYASI;
2KM8;KM 1011 SW;10 KG SAVE WATER KURUTMA MAKİNESİ , HomeWhiz, 61-60-85cm, A++;;36.630 TL;30525;29000;WEB ÖZEL İKİSİ 57999TL;
2ÇM6;CM 10140 SW;10 KG SAVE WATER ÇAMAŞIR MAKİNESİ,BUHAR TERAPİ,SUDA BASTIRMA ,HomeWhiz,ProSmart Inverter, 58-60-85cm, A;;36.630 TL;30525;28999;;
EK GARANTİ KODU;Kurutma Ve Yıkama Kurutma Makineleri (Ölçüler : Derinlik - Genişlik - Yükseklik);;;Eski Fiyat;Liste Fiyatı;Peşin Fiyat;KAMPANYASI;
2KM1;KMX 81;8 kg, kurutma makinası, bacasız, beyaz , Akıllı Nem Sensörü, geniş kapak, 55-60-85 cm, E;;36.000 TL;30000;28499;KMPSGA 6126 R BUHAR KAZANLI ÜTÜ HEDİYE VEYA 4500TL EK İNDİRİM;
2KM2;KMX 91;9 kg, kurutma makinası, bacasız, beyaz , Akıllı Nem Sensörü, geniş kapak, 61-60-85 cm, E;;37.266 TL;31055;29499;;
2KM3;KMX 90 S;9 kg, kurutma makinası, bacasız, Silver , Akıllı Nem Sensörü, geniş kapak, 61-60-85 cm, A++;;41.052 TL;34210;32499;;
2KM4;B5T89243W;9 kg ,Homewhiz,Ironfinish,ProSmart Inverter,aquawave,optisense,buharlı tazeleme,otomatik kırışıklık önleme,kurutma seviyesi ayarı,65-60-85cm,beyaz, A+++;;38.526 TL;32105;30499;;
2KM5;KMB 901 I;9 kg, kurutma makinası, bacasız,Beyaz,IronFinish, D , geniş cam kapak,61-60-85cm;;49.896 TL;41580;39499;;
2KM3;KMX 1001;10 kg, kurutma makinası, bacasız, beyaz, Akıllı Nem Sensörü, premium kapak, 61-60-85 cm, E;;41.052 TL;34210;32499;;
2KM6;KMX 1001 S;10 kg, kurutma makinası, bacasız, SILVER, Akıllı Nem Sensörü, premium kapak, 61-60-85 cm, E;;46.104 TL;38420;36499;;
;KMX 1101;11 kg,kurutma makinası,bacasız,beyaz,Akıllı Nem Sensörü,ProSmart Inverter,premium kapak, 66-60-85 cm, E;;46.104 TL;38420;36499;;
2KM7;KMX 1201;12 kg,kurutma makinası,bacasız,beyaz,Akıllı Nem Sensörü,HomeWhiz,ProSmart Inverter,premium kapak,67-60-85 cm, E;;48.636 TL;40530;38499;;
EK GARANTİ KODU;Bulaşık Makineleri (Ölçüler : Derinlik - Genişlik - Yükseklik);;;Eski Fiyat;Liste Fiyatı;Peşin Fiyat;KAMPANYASI;
2BM1;BM 3143;3 program,ekonomi programlı bulaşık makinesi,beyaz,13 kişilik, 60-60-85cm, D;;30.948 TL;25790;24499;KMPCFM6350 INOX FİLTRE KAHVE YAPMA MAKİNESİ HEDİYE VEYA 2500TL EK İNDİRİM;
2BM2;DVN05321W;5 program,ekonomi programlı bulaşık makinesi,beyaz,13 kişilik, 60-60-85cm, E;;28.422 TL;23685;22499;;
2BM3;BM 5145 WF;5 + 2 indirilebilir program, ekonomik programlı, bulaşık makinesi, beyaz, HomeWhiz,Hijyen Max,14 kişilik, 60-60-85 cm, D;;33.474 TL;27895;26499;;
2BM4;BM 5145 WF I;5 + 2 indirilebilir program, ekonomik programlı, bulaşık makinesi, inox, HomeWhiz,Hijyen Max,14 kişilik, 60-60-85 cm, D;;36.000 TL;30000;28499;;
2BM5;BM 6147 WF ;6 + 5 indirilebilen program, ekonomik programlı bulaşık makinesi, beyaz,HomeWhiz, Prosmart Inverter, DeepWash,CornerIntense, 16 kişilik, 60-60-85 cm, C;;39.792 TL;33160;31499;;
2BM6;BM 6147 WF I;6 + 5 indirilebilen program, ekonomik programlı bulaşık makinesi, inox,HomeWhiz, Prosmart Inverter, DeepWash,CornerIntense, 16 kişilik, 60-60-85 cm, C;;41.052 TL;34210;32499;;
2BM7;BM 6147 WF SC;6 + 5 indirilebilen program, ekonomik programlı bulaşık makinesi, siyah cam, WIFI,PROSMART INVERTER,DeepWash,CornerIntense,16 kişilik, 60-60-85 cm, C;;47.370 TL;39475;37499;;
2BM8;BM 6347 WF I;6+5 program, ekonomik programlı bulaşık makinesi, inox, PROSMART INVERTER,DeepWash,CornerIntense,HomeWhiz,15 kişilik, 60-60-85 cm, A;;48.636 TL;40530;38499;;
2BM9;BM 4144 WF;4 + 3 program, ekonomik programlı, bulaşık makinesi, beyaz,HOMEWHIZ, Hijyen Max,13 kişilik, 60-60-85 cm, D;;24.630 TL;20525;19499;WEB ÖZEL;
2BM2;BM 4144 OK I;4 program, ekonomik programlı, bulaşık makinesi, inox, Hijyen Max,14 kişilik, 60-60-85 cm, D;;28.422 TL;23685;22499;;
2BM10;BM 6146;6 program, ekonomik programlı, bulaşık makinesi, beyaz, Hijyen Max,14 kişilik, 60-60-85 cm, C;;25.896 TL;21580;20499;;
EK GARANTİ KODU;Ankastre Bulaşık Makineleri (Ölçüler : Derinlik - Genişlik - Yükseklik);;;Eski Fiyat;Liste Fiyatı;Peşin Fiyat;KAMPANYASI;
2BM11;BB 251;5 program, tam ankastre, ekonomik programlı bulaşık makinesi, hijyen max , 14 kişilik, 55-60-82 cm, D;;34.104 TL;28420;26999;Ankastre Set (Ocak-Fırın-Davlumbaz veya Aspiratörlü) ile birlikte alındığında 4000TL Ek İndirim Uygulanacak;
;BBM 350 I;5 program, yarı ankastre,inox,ekonomik programlı bulaşık makinesi, 13 kişilik, 57-60-82 cm, E;;34.104 TL;28420;26999;;
;BBM 360 S;6 program, yarı ankastre,siyah,ekonomik programlı bulaşık makinesi, 14 kişilik, 57-60-82 cm, E;;34.104 TL;28420;26999;;
2BM12;BMA 6340 I;6 program, tam ankastre,ekonomik programlı bulaşık makinesi, inıx,14 kişilik,57-60-82 cm, E;;39.162 TL;32635;30999;;
2BM13;BMA 6340 BC;6 program, tam ankastre,ekonomik programlı bulaşık makinesi, beyaz cam,Prosmart Inverter,14 kişilik,57-60-82 cm, E;;42.948 TL;35790;33999;;
;BBC 160 S;6 program, tam ankastre,ekonomik programlı bulaşık makinesi, siyah cam,Prosmart Inverter,14 kişilik,57-60-82 cm, D;;42.948 TL;35790;33999;;
2BM14;BBC 181 B;8 program,tam ankastre,ekonomik programlı bulaşık makinesi,beyaz cam,PROSMART INVERTER,DeepWash,CornerIntense,14 kişilik,57-60-82 cm, C;;50.526 TL;42105;39999;;
EK GARANTİ KODU;Ankastre Ocaklar;;;Eski Fiyat;Liste Fiyatı;Peşin Fiyat;KAMPANYASI;
2OC1;BOMDD 6110 EB;4 göz gaz, yandan kontrol, otomatik ateşlemeli, beyaz, 60 cm;;14.526 TL;12105;11499;2000TL EK İNDİRİM UYGULANACAK;
;BOMDD 6110 ES;4 göz gaz, yandan kontrol, otomatik ateşlemeli, siyah, 60 cm;;14.526 TL;12105;11499;;
2OC2;BOMLD 6111 EI;4 göz gaz, yandan kontrol, otomatik ateşlemeli, inox, 60 cm;;15.792 TL;13160;12499;;
2OC3;BOCD T 6510 EB;4 göz gaz, yandan kontrol, otomatik ateşlemeli, beyaz cam tablalı, çerçevesiz, 65 cm;;18.948 TL;15790;14999;;
;BOCD T 6510 ES / BOCL T 6510 ES;4 göz gaz, yandan kontrol, otomatik ateşlemeli, siyah cam tablalı, çerçevesiz, 65 cm;;18.948 TL;15790;14999;;
;BOCD D 6512 EKB;4 göz gaz, yandan kontrol, otomatik ateşlemeli, beyaz cam tablalı, çerçevesiz, 65 cm, AYARLI BUTON;;18.948 TL;15790;14999;;
;BOCD D 6512 EKS;4 göz gaz, yandan kontrol, otomatik ateşlemeli, siyah cam tablalı, çerçevesiz, 65 cm, AYARLI BUTON;;18.948 TL;15790;14999;;
2OC4;BOCD K 6510 EWB;3 göz gaz + 1 göz wok, yandan kontrol, otomatik ateşlemeli, BEYAZ cam tablalı, 65 cm;;25.266 TL;21055;19999;;
;BOCD K 6510 EWS;3 göz gaz + 1 göz wok, yandan kontrol, otomatik ateşlemeli, SİYAH cam tablalı, 65 cm;;25.266 TL;21055;19999;;
2OC5;BOCD K 7520 DWB;4 göz gaz + 1 göz wok, önden kontrol, otomatik ateşlemeli,beyaz cam tablalı, çercevesiz,75 cm;;36.636 TL;30530;28999;;
;BOCD K 7520 DWS;4 göz gaz + 1 göz wok, önden kontrol, otomatik ateşlemeli,siyah cam tablalı, çercevesiz,75 cm;;36.636 TL;30530;28999;;
;BOCD T 7521 DWKB;4 göz gaz + 1 göz wok, önden kontrol, otomatik ateşlemeli,beyaz cam tablalı, çercevesiz,AYARLI BUTON,75 cm;;36.636 TL;30530;28999;;
;BOCD T 7521 DWKS;4 göz gaz + 1 göz wok, önden kontrol, otomatik ateşlemeli,siyah cam tablalı, çercevesiz,AYARLI BUTON,75 cm;;36.636 TL;30530;28999;;
2OC6;BOCD D 9020 DWS;4 göz gaz, 1 göz wok, önden ateşleme,siyah cam, 90 cm;;37.896 TL;31580;29999;;
2OC3;AOV 64400 S;4 göz elektrik, vitroseramik, siyah cam, dokunmatik, 60cm;;18.948 TL;15790;14999;;
2OC5;AOV 64400 B;4 göz elektrik, vitroseramik, beyaz cam, dokunmatik, 60cm;;36.636 TL;30530;28999;;
2OC7;AOV 85500 XS;4 göz elektrik, vitroseramik, siyah cam dokunmatik ocak, 80 cm;;32.844 TL;27370;25999;;
2OC8;BOI 6022 S;4 göz elektrik, indiksiyon, siyah, dokunmatik , 60cm;;26.526 TL;22105;20999;;
2OC9;BOI 6021 FS;8 zones with 2 flexizones + 1 extend zone, indiksiyon ,siyah, dokunmatik , 60cm;;61.896 TL;51580;48999;;
2OC10;BDOI 602 S;4 gözlü indiksiyon , davlumbazlı, siyah cam, 60cm;;90.948 TL;75790;71999;;
2OC11;BDOI 802 S;"4 Induction with 2 Flexizone,davlumbazlı; siyah,82 cm";;93.474 TL;77895;73999;;
2OC12;BOCD T 6011 EHB;4 göz gaz, yandan otomatik ateşlemeli, beyaz cam, 60 cm;;10.740 TL;8950;8499;WEB ÖZEL;
;BOCD T 6011 ES;4 göz gaz, siyah cam, 60 cm, yandan otomatik ateşlemeli, ankastre ocak;;10.740 TL;8950;8499;;
EK GARANTİ KODU;Tezgah Üzeri Solo Mikrodalgalar;;;Eski Fiyat;Liste Fiyatı;Peşin Fiyat;KAMPANYASI;
-;MOC 201102 W;Mikrodalga fırın, 20 lt, Beyaz, 700 W, elektronik;;6.318 TL;5265;4999;ÖZEL FİYATLI ÜRÜN;
-;BMD 200 S;Mikrodalga fırın, 20 lt, Siyah, 700 W;;6.318 TL;5265;4999;;
-;BMD 200 G;Mikrodalga fırın, 20 lt, Silver, 700 W;;6.318 TL;5265;4999;;
-;BMD 211 DS;Mikrodalga fırın, 20lt, siyah kapak siyah panel , pişirme özellikliİ 1100 W;;7.578 TL;6315;5999;;
-;BMD 211 DG;Mikrodalga fırın, 20lt, siyah kapak siyah silver panel , pişirme özellikliİ 1100 W;;7.578 TL;6315;5999;;
;;;;;;;;
EK GARANTİ KODU;Ankastre Mikrodalgalar;;;Eski Fiyat;Liste Fiyatı;Peşin Fiyat;KAMPANYASI;
-;BMM 2020 I / BMMK 2020 I KIT;"Ankastre Mikrodalga fırın,1200W; 25lt, INOX, digital, 38-47-28 cm";;21.474 TL;17895;16999;Ankastre Set (Ocak-Fırın-Davlumbaz veya Aspiratörlü) ile birlikte alındığında 3000TL ek İndirim Uygulanacak;
-;BMC 2520 B;Ankastre Mikrodalga fırın, 25lt, beyaz cam, digital;;25.266 TL;21055;19999;;
-;BMC 2520 S;Ankastre Mikrodalga fırın, 25lt, siyah cam, digital;;25.266 TL;21055;19999;;
;;;;;;;;
EK GARANTİ KODU;Solo Fırınlar;(Ölçüler : Derinlik - Genişlik - Yükseklik);;Eski Fiyat;Liste Fiyatı;Peşin Fiyat;KAMPANYASI;
2SF1;BFE 400-1 B;60 cm, Turbo fırın, 4 göz gaz,  beyaz, 62-60-86 cm;;27.792 TL;23160;21999;ÖZEL FİYATLI ÜRÜN;
;;;;;;;;
EK GARANTİ KODU;Ankastre Fırınlar;;;Eski Fiyat;Liste Fiyatı;Peşin Fiyat;KAMPANYASI;
2FRN1;BFM 310 B;Multifonksiyon, 6 fonksiyon, turbo fan, beyaz, 72lt , AeroPerfect, A;;17.688 TL;14740;13999;2000TL EK İNDİRİM UYGULANACAK;
2FRN2;BFM 310 S;Multifonksiyon, 6 fonksiyon, turbo fan, siyah, 72lt , AeroPerfect, A;;20.214 TL;16845;15999;;
2FRN3;BFM 310 I;Multifonksiyon, 6 fonksiyon, turbo fan, inox, 72lt , AeroPerfect, A;;24.000 TL;20000;18999;;
2FRN4;BFC 330 S;Multifonksiyon, 6 fonksiyon, turbo fan, siyah cam, 72lt , AeroPerfect, A;;27.792 TL;23160;21999;3000TL EK İNDİRİM UYGULANACAK;
2FRN5;BFC 330 B;Multifonksiyon, 6 fonksiyon, turbo fan, beyaz cam, 72lt , AeroPerfect, A;;29.052 TL;24210;22999;;
2FRN6;BFC 430 S;Multifonksiyon, BUHAR DESTEKLİ PİŞİRME VE TEMİZLEME, 8 fonksiyon, 3D turbo fan, siyah cam,72lt, AeroPerfect, A;;26.526 TL;22105;20999;;
2FRN4;BFC 430 B;Multifonksiyon, BUHAR DESTEKLİ PİŞİRME VE TEMİZLEME, 8 fonksiyon, 3D turbo fan, beyaz cam,72lt, AeroPerfect, A;;27.792 TL;23160;21999;;
2FRN7;BFC 631 B;Multifonksiyon, FitFry Buhar Destekli PİŞİRME VE TEMİZLEME, 9 fonksiyon, 3D turbo fan, katalitik yan duvarlar, beyaz cam,72lt, A+;;40.422 TL;33685;31999;;
;BFC 631 S;Multifonksiyon, FitFry Buhar Destekli PİŞİRME VE TEMİZLEME, 9 fonksiyon, 3D turbo fan, katalitik yan duvarlar, siyah cam,72lt, A+;;40.422 TL;33685;31999;;
2FRN8;BFC 741 B;Auto Bake Teknolojisi,Et Probu,Buhar Destekli Pişirme,FitFry,AeroPerfect,Homewhiz,3D pişirme,PizzaPro,72lt,katalitik yan duvarlar,A++.beyaz;;78.318 TL;65265;61999;;
;BFC 741 S;Auto Bake Teknolojisi,Et Probu,Buhar Destekli Pişirme,FitFry,AeroPerfect,Homewhiz,3D pişirme,PizzaPro,72lt,katalitik yan duvarlar,A++.siyah;;78.318 TL;65265;61999;;
;;;;;;;;
EK GARANTİ KODU;Sürgülü + Gömme Aspiratörler;;;Eski Fiyat;Liste Fiyatı;Peşin Fiyat;KAMPANYASI;
2ASP1;ADG 51310 I;Inox gömme aspiratör, 50cm, 381 m3, D;;15.162 TL;12635;11999;1000TL EK İNDİRİM UYGULANACAK;
2ASP2;P 38 TB;Beyaz sürgülü aspiratör, 60cm, 300 m3, C;;11.370 TL;9475;8999;;
;P 38 TI;Inox sürgülü aspiratör, 60cm, 300 m3, C;;11.370 TL;9475;8999;;
;P 38 TS;Siyah sürgülü aspiratör, 60cm, 300 m3, C;;11.370 TL;9475;8999;;
;;;;;;;;
EK GARANTİ KODU;Davlumbazlar;;;Eski Fiyat;Liste Fiyatı;Peşin Fiyat;KAMPANYASI;
2DVB1;ADP 61420 B;Duvar tipi davlumbaz, beyaz, 60cm, 400 m3, D;;17.688 TL;14740;13999;3000TL EK İNDİRİM UYGULANACAK;
;ADP 61420 S;Duvar tipi davlumbaz, siyah, 60cm, 400 m3, D;;17.688 TL;14740;13999;;
;ADP 61420 I;Duvar tipi davlumbaz, inox, 60cm, 400 m3, D;;17.688 TL;14740;13999;;
2DVB2;BDE 6050 HB;Duvar tipi 60 cm beyaz yatay cam ön yüzey, inox baca, 400 m3, B;;18.948 TL;15790;14999;;
;BDE 6050 S;Duvar tipi 60 cm siyah yatay cam ön yüzey, siyah baca, 400 m3, B;;18.948 TL;15790;14999;;
2DVB3;ADE 62540 B;Duvar tipi 60 cm beyaz perdeli cam ön yüzey, inox baca, 575 m3, C;;22.740 TL;18950;17999;;
;BDE 6053 S;Duvar tipi 60 cm siyah perdeli cam ön yüzey, siyah baca, 575 m3, C;;22.740 TL;18950;17999;;
2DVB4;BDT 6062 S;Duvar tipi 60 cm siyah cam ön yüzey, inox baca, 710 m3, NTC Sensör, A;;26.526 TL;22105;20999;;
2DVB5;BDE 6062 B;Duvar tipi 60 cm beyaz yatay cam ön yüzey, inox baca, 720 m3 , NTC Sensör, A;;24.000 TL;20000;18999;;
;BDE 6062 S;Duvar tipi 60 cm siyah  yatay cam ön yüzey, inox baca, 720 m3 , NTC Sensör, A;;24.000 TL;20000;18999;;
;BDE 6062 I;Duvar tipi 60 cm inox, yatay , NTC, 720m3, A;;24.000 TL;20000;18999;;
2DVB6;BDE 6072 B;Duvar tipi 60 cm beyaz  yatay cam ön yüzey,inox baca,850 m3 ,NTC & VOC Sensors,Prosmart Inverter,HomeWhiz,A++;;46.740 TL;38950;36999;;
;BDE 6072 S;Duvar tipi 60 cm siyah  yatay cam ön yüzey,inox baca, 850 m3 ,NTC & VOC Sensors,Prosmart Inverter,HomeWhiz,A++;;46.740 TL;38950;36999;;
2DVB7;BDA 9085 S;90 cm, Ada Tipi Davlumbaz, 830 m3,Prosmart Inverter,HomeWhiz,A+,NTC & VOC Sensors;;71.792 TL;65265;61999;;
-;ADV 9910 I;Duvar tipi inox, siyah dekorlu, dokunmatik, 90 cm, 755 m3;;3.476 TL;3160;2999;BEKONOMİK FIRSAT NAKİT;
;;;;;;;;
;ANKASTRE SET ALANA TKM 8961 A/S/K ÇİFTLİ KAHVE MAKİNESİ HEDİYE VEYA 4500TL EK İNDİRİM. ENTEGRE DAVLUMBAZLI OCAKLAR DAHİL DEĞİLDİR.;;;;;;;
;ANKASTRE SET ALANA TÜM ANKASTRE BULAŞIK MAKİNELERİ 4000 TL İNDİRİMLİ;;;;;;;
;ANKASTRE SET ALANA  ANKASTRE MİKRODALGA 3000 TL İNDİRİMLİ;;;;;;;
;;;;;;;;
;;;;;;;;
EK GARANTİ KODU;Gıda Hazırlama;;;Eski Fiyat;Liste Fiyatı;Peşin Fiyat;KAMPANYASI;
-;BKK 1151;Mikser, 425W, turbo, 4 kademe , beyaz;;3.156 TL;2630;2499;ÖZEL FİYATLI ÜRÜN;
-;MK 8150 I / HMM 81504 BX;Mikser, 500 W, turbo, hız kademeli , inox,  starligt;;3.792 TL;3160;2999;;
-;CHP 62522 W / BKK 1162;Doğrayıcı, 500w, çift bıçak, TEK kademe, 500 ml plastik hazne, beyaz;;3.792 TL;3160;2999;;
-;DO 8160 CI / CHG 81442 BX ;Doğrayıcı, 400 W, 1000 ml cam hazne,inox,starlight;;3.792 TL;3160;2999;;
-;HB 5410;Blender, 1500 W, 2 hız kademesi, turbo fonksiyonu, 900 ml plastik hazne, siyah;;3.162 TL;2635;2499;;
-;HBS 8170 CI;Blender, 750 W, yıldız bıçak, 12 hız kademesi,700ml ölçü kabı, inox, starlight;;5.178 TL;4315;4099;;
-;MS 5210;40 W , kendinden haznel, beyaz , narenciye sıkacağı;;2.526 TL;2105;1999;;
-;KB 5234 T;Personal Blender,Beyaz,350w,600ml, inox;;3.918 TL;3265;3099;;
-;BKK 2145;Inox katı meyve sıkacağı, 1500w, 750ml;;9.474 TL;7895;7499;;
-;SM 5670;SlushMix™Slush ve Buzlu İçecek Makineleri, 5 İçecek Modu , 5 Soğutma Modu ;;18.948 TL;15790;14999;;
-;TB 8180 CI;Blender,800 W, 1,75litre, cam hazne, inox, 6 Hız, starlight;;5.052 TL;4210;3999;;
-;RHB 2410 SİYAH;SİYAH El Blender,1500w,900mL ölçü kabı, turbo özellikli;;5.052 TL;4210;3999;;
-;RHB 5050 B SİYAH;Floral SİYAH El Blender,1500w,900mL ölçü kabı, hız kademesi 2, turbo özellikli;;6.318 TL;5265;4999;;
-;RHB 5050 ;Floral Beyaz, El Blender,1500w,900mL ölçü kabı, hız kademesi 2, turbo özellikli;;6.318 TL;5265;4999;;
-;RHB 5050 R;Floral Rose Gold  El Blender,1500w,900mL ölçü kabı, hız kademesi 2, turbo özellikli;;6.318 TL;5265;4999;;
-;YM 8242 I;Yoğurt Chef  Probiyotik Yoğurt & Kefir mak. ;;34.104 TL;28420;26999;;
-;MM 5471 S;1500 W, mutfak robotu,Siyah;;12.630 TL;10525;9999;;
-;MM 8042 DS;1000 W, HomeChef® Mutfak Makinesi, Siyah, 12 Hız ayarlı, Profesyonel mutfak robotu;;35.370 TL;29475;27999;;
-;KM 5024 M;2200 W , kıyma makinesi , içli köfte ve sosis aparatı , Beyaz;;13.896 TL;11580;10999;;
;;;;;;;;
EK GARANTİ KODU;Pişiriciler - Isıtıcılar - İçecek Hazırlama;;;Eski Fiyat;Liste Fiyatı;Peşin Fiyat;KAMPANYASI;
-;WKM4215W;Kettle 1,7 litre, 2200 W, Beyaz;;2.526 TL;2105;1999;ÖZEL FİYATLI ÜRÜN;
-;KL 8022 I;Kettle 1,7 litre, 2200 W, Inox;;2.526 TL;2105;1999;;
-;WKM 5422 I;Kettle 1,7 litre, 2200 W, Cam gövdeli , inox-siyah;;3.156 TL;2630;2499;;
-;TKM 2341 B;Telve monus, Türk kahve makinesi, Beyaz;;5.052 TL;4210;3999;;
-;TKM 2341 S;Telve monus, Türk kahve makinesi, Siyah;;5.052 TL;4210;3999;;
-;TKM 5448;Keyf-i Bol Sütlü Türk Kahve Makinesi , 5 fincan , Gri;;5.814 TL;4845;4599;;
-;BKK-2300 S;Mini Keyf, türk kahve makinesi, SİYAH;;6.570 TL;5475;5199;;
-;BKK-2300 B;Mini Keyf, türk kahve makinesi, BEYAZ;;6.570 TL;5475;5199;;
-;BKK-2300 RG;Mini Keyf, türk kahve makinesi, ROSE GOLD;;6.570 TL;5475;5199;;
-;TKM 8961 A;İkili Keyf, 6 fincan kapasiteli, indiksiyon tabanlı, türk kahve makinesi, siyah-inox;;13.896 TL;11580;10999;;
-;TKM 8961 S;İkili Keyf, 6 fincan kapasiteli, indiksiyon tabanlı, türk kahve makinesi, siyah;;13.896 TL;11580;10999;;
-;FCM1321W;Beyaz filtre kahve makinesi,1000W,aroma ayar fon, 10 fincan;;6.318 TL;5265;4999;;
-;CFM6350I;Inox filtre kahve makinesi, 1000W, 10 fincan;;6.318 TL;5265;4999;;
-;CEP 5304 X;Yarı Oto. Espresso Mak.,1350w;;15.156 TL;12630;11999;;
-;CEP 6464 X;Kapsüllü Yarı Otomatik Espresso Makinesi , 1628W;;16.422 TL;13685;12999;;
-;CEG 7348 X;Tam Oto. Espresso Mak.,1350w, 19 bar, 18 kahve çeşiti;;42.948 TL;35790;33999;;
-;BKK 2221 C;Cam demlikli çay makinası, 1650w, 1.8lt, Siyah;;5.052 TL;4210;3999;;
-;CM 5342 IN;INOX demlikli çay makinası, 1650w, 1.7lt, Inox;;6.570 TL;5475;5199;;
-;CM 5964 SİYAH;Komple Cam çay makinesi,1900w, 2lt, Siyah;;6.948 TL;5790;5499;;
-;CM 5964 BEYAZ;Komple Cam çay makinesi,1900w, 2lt, Beyaz ;;6.948 TL;5790;5499;;
-;CM 5964 ROSE;Komple Cam çay makinesi,1900w, 2lt, Rose Gold ;;6.948 TL;5790;5499;;
-;SE 8036 I;Semaver,2200w, 3.5lt su ısıtıcı haznesi, 1.2lt demlik kapasitesi,Inox;;13.896 TL;11580;10999;;
-;CFM 8147 I;1800 W, Siyah-Inox, Otomatik Çay & Filtre makinesi, Dem 0.8 L,Su Isıtıcı 1.8 L;;21.474 TL;17895;16999;;
-;CFM 8449 I;1800 W, Siyah-Cam, Otomatik Çay & Filtre makinesi, Dem 0.8 L,Su Isıtıcı 1.8 L;;21.474 TL;17895;16999;;
-;TM 5206 G;2000 W, 4 kademeli ısı, yapışmaz yüzey,GRİ;;7.578 TL;6315;5999;;
-;TM 5306 S;2000 W, yapışmaz yüzey, Tost grill (Siyah),GRANIT plaka;;7.578 TL;6315;5999;;
-;TM 5046 CB;2400w, 5 kademeli ısı, ızgara fonksiyonu, yapışmaz yüzey, Tost Grill ,Siyah;;11.244 TL;9370;8899;;
-;TM 5046 C;2400w, 5 kademeli ısı, ızgara fonksiyonu, yapışmaz yüzey, Tost Grill ,Beyaz;;11.244 TL;9370;8899;;
-;TM 5046 CR;2400w, 5 kademeli ısı, ızgara fonksiyonu, yapışmaz yüzey, Tost Grill ,Rose Gold;;11.244 TL;9370;8899;;
;TM 8946 I;2000w, 5 kademeli ısı, ızgara fonksiyonu, yapışmaz yüzey, Tost Grill ,Inox;;11.244 TL;9370;8899;;
-;TAM4220W;800 W , 6 ısı pişirme ayarlı , buz çözme , 2 dilim hazneli , beyaz , ekmek kızartma mak.;;3.792 TL;3160;2999;;
-;TAM7321I;850 W , 6 ısı pişirme ayarlı , buz çözme , 2 dilim hazneli , inox , ekmek kızartma mak.;;3.792 TL;3160;2999;;
-;TAM4201B;850 W , 7 ısı pişirme ayarlı , buz çözme , 2 dilim hazneli , siyah , ekmek kızartma mak.;;3.792 TL;3160;2999;;
-;FRL 2242 B;Fritöz Siyah,1500w,3.9 Lt, zaman ayarlayıcı,sıcaklık kontrollü;;17.688 TL;14740;13999;;
-;FR 8284;Fritöz Siyah,2400w,8.5 Lt, zaman ayarlayıcı,sıcaklık kontrollü,çift hazne;;21.474 TL;17895;16999;;
-;MC 5056 I;1100w,Siyah-Inox,ExpertChef,10prog,5.5L,Multi Cooker çok amaçlı pişirici;;15.156 TL;12630;11999;;
-;MC 5251;1100w,Siyah-Inox,ExpertChef,5.5L,Multi Cooker çok amaçlı pişirici,Elektronik;;24.000 TL;20000;18999;;
-;KL 8221 I;Kettle 1,2 litre, 2200 W, Inox;;1.266 TL;1055;1000;WEB ÖZEL;
-;FK 5112 I;Inox filtre kahve makinesi, 1000W, 12 fincan, Dijital;;3.792 TL;3160;2899;;
EK GARANTİ KODU;Süpürgeler + Pratik El Süpürgeleri;;;Eski Fiyat;Liste Fiyatı;Peşin Fiyat;KAMPANYASI;
-;BKK 1194;Şarjlı el süpürgesi , 0.5lt , 150ml su haznesi kapasitesi, 7.2v, yeşil;;4.285 TL;3895;3699;ÖZEL FİYATLI ÜRÜN;
-;RS 2221;Robot süpürge , wifi , 0.4lt , 110 metre kare temizleme alanı , beyaz , ;;29.052 TL;24210;22999;;
-;VRR 82314 VB;Sarj istasyonlu, haritalama,paspas, wifi,Robot Süpürge,150m2temizlik alanı,0.4L,94.5-34.2-34.2;;42.845 TL;38950;36999;;
-;VRT 51225 VB;Şarjli kablosuz dik süpürge,beyaz,kablosuz,Li-Ion pil,0.55lt, 150w;;15.162 TL;12635;11999;;
-;SD 2341;Şarjli kablosuz dik süpürge,beyaz,kablosuz,Li-Ion pil,0.70lt, 150w;;15.162 TL;12635;11999;;
-;SD 2141;Şarjli kablosuz dik süpürge,beyaz,kablosuz,Li-Ion pil,0.55lt, 110w;;15.162 TL;12635;11999;;
-;SD 5141;Şarjli kablosuz dik süpürge,siyah-mavi,kablosuz,Li-Ion pil,0.55lt,350w;;20.214 TL;16845;15999;;
-;SD 8161;Şarjli kablosuz dik süpürge,siyah-rose,kablosuz,Li-Ion pil,0.9lt,550w,otomatik zemin algılama,katlanabilir boru;;25.266 TL;21055;19999;;
-;SD 5341;Şarjli kablosuz dik süpürge,siyah-mavi,kablosuz,Li-Ion pil,0.5lt,250w,ıslak/kuru;;25.266 TL;21055;19999;;
-;VRT 97325 VY;Şarjlı, kablosuz dik süpürge,siyah,kablosuz,Li-Ion pi,2,5lt,450w,All in Zone Toz Boşaltma ve Şarj İstasyonu,AdaptEdge Fırça Teknolojisi ve Yeşil Led Işık,ActiFlex Kolay Katlanabilir Boru,SpinWash Mop Başlığı,Multisiklon Filtre;;37.896 TL;31580;29999;;
-;TSZ 2282;800 W, toz torbasız, 2.5 LT toz kapasiteli;;9.474 TL;7895;7499;;
-;VCO 32801 AR;800 W, toz torbasız, 1,8 LT toz kapasiteli, Hepa 12 ,KIRMIZI;;10.104 TL;8420;7999;;
-;TSZ 5282;890 W, toz torbasız, 2,7 LT toz kapasiteli, Hepa 12 ,ROSE , saptan kontrollü;;15.162 TL;12635;11999;;
-;TSZ 5083;750 W, toz torbasız, 3 LT toz kapasiteli, Hepa 12 , MAVİ;;17.682 TL;14735;13999;;
;;;;;;;;
EK GARANTİ KODU;Ütüler;;;Eski Fiyat;Liste Fiyatı;Peşin Fiyat;KAMPANYASI;
-;BKG 5916;1600 W, 25gr/dk, 230 mL su haznesi, Buharlı Kırışık Giderici;;3.792 TL;3160;2999;ÖZEL FİYATLI ÜRÜN;
-;SIM 3124 D;2400 W, Auto-off, seramik taban, 120 gr şok buhar, 30 gr/dk, yeşil, otomatik kapanma;;3.792 TL;3160;2999;;
-;SIM 3126 R;2600 W, Auto-off buharlı ütü, seramik taban,mor,150gr şok buhar,240ml,otomatik kapanma;;5.052 TL;4210;3999;;
-;BEU 8030 M;3000 W, 270gr şok buhar, sürekli buhar dakikada 55gr, otomatik kapanma, seramik taban, rose;;7.074 TL;5895;5599;;
-;BEU 8030 D / SPA 9130 B;3000 W, 280gr şok buhar, sürekli buhar dakikada 63gr, otomatik kapanma, seramik taban, mavi;;7.578 TL;6315;5999;;
-;SGA 6126 R;2600 W, 6 bar, buhar kazanlı ütü, seramik taban, özel buhar gücü, smart, 110 gr/dk, mor;;18.318 TL;15265;14499;;
-;BKU 8026;2600 W, 1,8lt, 420gr şok buhar, sürekli buhar dakikada 120gr, smart, otomatik kapanma, seramik taban, rose;;18.318 TL;15265;14499;;
-;BKU 8928;2800 W, 7,2 Bar, 1,8lt, 450gr şok buhar, sürekli buhar dakikada 130gr, smart, otomatik kapanma, seramik taban, mor;;18.948 TL;15790;14999;;
-;BKU 8130;3000 W, 8 Bar, 1,8lt, 600gr şok buhar, sürekli buhar dakikada 165gr, smart, otomatik kapanma, seramik taban, mor;;21.474 TL;17895;16999;;
-;SGA 8130 C;3000 W, 8 Bar, 1,8lt, 600gr şok buhar, sürekli buhar dakikada 165gr, smart, otomatik kapanma, seramik taban, ROSE;;21.474 TL;17895;16999;;
;;;;;;;;
EK GARANTİ KODU;Mono Split Duvar Tipi Klimalar;;;Eski Fiyat;Liste Fiyatı;Peşin Fiyat;KAMPANYASI;
2KLM1;BEVPG 095/096;9000 Btu/h , Ayarlanabilir Soğutma Kapasitesi Aralığı (Btu/h) 3100~11600, Ayarlanabilir Isıtma Kapasitesi Aralığı (Btu/h) 2800~11500, Enerji Seviyesi -(92/75/EEC) Soğutma A++ / Isıtma A+, Inverter , Yüksek Yoğunluklu Filtre , Aktif Karbon Filtresi, Soğuk Katalizör Filtresi;;25.266 TL;21055;19999;BEKONOMİK FIRSAT     2. KLİMA ALINIR İSE İLAVE 1000TL İNDİRİM UYGULANACAK. 3. KLİMA ALINIR İSE İLAVE 1000TL DAHA İNDİRİM UYGULANACAK. YANİ 2. KLİMA İTİBARIYLA HER ALINACAK KLİMAYA İLAVE 1000TL İNDİRİM UYGULANACAK.;
2KLM2;BEVPG 125/126;12000 Btu/h , Ayarlanabilir Soğutma Kapasitesi Aralığı (Btu/h) 3800~13500, Ayarlanabilir Isıtma Kapasitesi Aralığı (Btu/h) 3700~14300, Enerji Seviyesi -(92/75/EEC) Soğutma A++ / Isıtma A+, Inverter , Yüksek Yoğunluklu Filtre , Aktif Karbon Filtresi, Soğuk Katalizör Filtresi;;27.792 TL;23160;21999;;
2KLM3;BEVPG 180/181;18000 Btu/h , Ayarlanabilir Soğutma Kapasitesi Aralığı (Btu/h) 6600~21400, Ayarlanabilir Isıtma Kapasitesi Aralığı (Btu/h) 4400~23900, Enerji Seviyesi -(92/75/EEC) Soğutma A++ / Isıtma A+, Inverter , Yüksek Yoğunluklu Filtre , Aktif Karbon Filtresi, Soğuk Katalizör Filtresi;;39.162 TL;32635;30999;;
2KLM4;BEVPG 240/241;24000 Btu/h , Ayarlanabilir Soğutma Kapasitesi Aralığı (Btu/h) 10300~30000, Ayarlanabilir Isıtma Kapasitesi Aralığı (Btu/h) 5200~32300, Enerji Seviyesi -(92/75/EEC) Soğutma A++ / Isıtma A+, Inverter , Yüksek Yoğunluklu Filtre , Aktif Karbon Filtresi, Soğuk Katalizör Filtresi;;50.526 TL;42105;39999;;
2KLM5;BEHPG 090/091;9000 Btu/h , Ayarlanabilir Soğutma Kapasitesi Aralığı (Btu/h) 3100~11600, Ayarlanabilir Isıtma Kapasitesi Aralığı (Btu/h) 2800~11500, Enerji Seviyesi -(92/75/EEC) Soğutma A++ / Isıtma A+, Inverter , Yüksek Yoğunluklu Filtre , Aktif Karbon Filtresi, Soğuk Katalizör Filtresi , Wifi bağlantı;;26.526 TL;22105;20999;;
2KLM6;BEHPG 125/126;12000 Btu/h , Ayarlanabilir Soğutma Kapasitesi Aralığı (Btu/h) 3800~13500, Ayarlanabilir Isıtma Kapasitesi Aralığı (Btu/h) 3700~14300, Enerji Seviyesi -(92/75/EEC) Soğutma A++ / Isıtma A+, Inverter , Yüksek Yoğunluklu Filtre , Aktif Karbon Filtresi, Soğuk Katalizör Filtresi , Wifi bağlantı;;29.052 TL;24210;22999;;
2KLM7;BEHPG 180/181;18000 Btu/h , Ayarlanabilir Soğutma Kapasitesi Aralığı (Btu/h) 6600~21400, Ayarlanabilir Isıtma Kapasitesi Aralığı (Btu/h) 4400~23900, Enerji Seviyesi -(92/75/EEC) Soğutma A++ / Isıtma A+, Inverter , Yüksek Yoğunluklu Filtre , Aktif Karbon Filtresi, Soğuk Katalizör Filtresi , Wifi bağlantı;;40.422 TL;33685;31999;;
2KLM8;BEHPG 245/246;24000 Btu/h , Ayarlanabilir Soğutma Kapasitesi Aralığı (Btu/h) 10300~30000, Ayarlanabilir Isıtma Kapasitesi Aralığı (Btu/h) 5200~32300, Enerji Seviyesi -(92/75/EEC) Soğutma A++ / Isıtma A+, Inverter , Yüksek Yoğunluklu Filtre , Aktif Karbon Filtresi, Soğuk Katalizör Filtresi , Wifi bağlantı;;51.792 TL;43160;40999;;
2KLM6;BEEPG 095/096;9000 Btu/h , Ayarlanabilir Soğutma Kapasitesi Aralığı (Btu/h) 3500~11000, Ayarlanabilir Isıtma Kapasitesi Aralığı (Btu/h) 2800~11500, Enerji Seviyesi -(92/75/EEC) Soğutma A+++ / Isıtma A++, Inverter , Yüksek Yoğunluklu Filtre , Aktif Karbon Filtresi, Soğuk Katalizör Filtresi , Wifi bağlantı;;29.052 TL;24210;22999;;
2KLM9;BEEPG 125/126;12000 Btu/h , Ayarlanabilir Soğutma Kapasitesi Aralığı (Btu/h) 4700~14700, Ayarlanabilir Isıtma Kapasitesi Aralığı (Btu/h) 3640~14950, Enerji Seviyesi -(92/75/EEC) Soğutma A+++ / Isıtma A++, Inverter , Yüksek Yoğunluklu Filtre , Aktif Karbon Filtresi, Soğuk Katalizör Filtresi , Wifi bağlantı;;31.578 TL;26315;24999;;
2KLM10;BEEPG 180/181;18000 Btu/h , Ayarlanabilir Soğutma Kapasitesi Aralığı (Btu/h) 6800~19800, Ayarlanabilir Isıtma Kapasitesi Aralığı (Btu/h) 4600~21500, Enerji Seviyesi -(92/75/EEC) Soğutma A+++ / Isıtma A++, Inverter , Yüksek Yoğunluklu Filtre , Aktif Karbon Filtresi, Soğuk Katalizör Filtresi , Wifi bağlantı;;49.266 TL;41055;38999;;
2KLM11;31826/31825;18000 Btu/h R32  Split soğutma A++ , ısıtma A+ Inverter;;32.844 TL;27370;25999;WEB;
;;;;;;;;
;LED TV;;;;;;;
EK GARANTİ KODU;ANDROID ÖZELLİKLİ HD / FHD TV'LER;;;Eski Fiyat;Liste Fiyatı;Peşin Fiyat;KAMPANYASI;
2TV1;B32 D 696 B;32'/80 cm, HD görüntü, Android TV, 2 x 8/16 W nominal/music power (R/L), NETFLIX, DVB-T2/C/S2, 2 HDMI - 1 USB GİRİŞİ, E, SİYAH;;15.162 TL;12635;11999;ÖZEL FİYATLI ÜRÜN;
2TV2;B40 D 697 B;40'/100 cm, FHD görüntü, Android TV, 2 x 8/16 W nominal/music power (R/L), NETFLIX, DVB-T2/C/S2, 2 HDMI - 1 USB GİRİŞİ, E , SİYAH;;20.214 TL;16845;15999;;
2TV3;B43 D 697 B;43'/108 cm, FHD görüntü, Android TV, 2 x 8/16 W nominal/music power (R/L), NETFLIX, DVB-T2/C/S2, 2 HDMI - 1 USB GİRİŞİ, D , SİYAH;;22.740 TL;18950;17999;;
EK GARANTİ KODU;4K , NETFLIX ÖZELLİKLİ ANDROID UHD TV'LER;;;Eski Fiyat;Liste Fiyatı;Peşin Fiyat;KAMPANYASI;
2TV4;B43 E 795 B / B43 D 790 B;43inç, LED TV (108cm), Android, Netflix, Sİyah, Micro Dimming, HDR10+, Dolby Vision,2 x 10 / 20 Watt nominal / müzik gücü, DVB-T2/C/S2, 3 HDMI - 2 USB GİRİŞİ, F, Parlaklık 250 nits;;21.474 TL;21055;19999;ÖZEL FİYATLI ÜRÜN;
2TV5;B50 E 795 B ;50inç, LED TV (126cm), Android, Netflix, Sİyah, Micro Dimming, HDR10+, Dolby Vision,2 x 10 / 20 Watt nominal / müzik gücü, DVB-T2/C/S2, 3 HDMI - 2 USB GİRİŞİ, F, Parlaklık 250 nits;;25.266 TL;23160;21999;;
2TV6;B65 E 795 B ;65inç, LED TV (164cm), Android, Netflix, Siyah, Micro Dimming, HDR10+,Dolby Vision, 2 x 15 / 30 Watt nominal / müzik gücü, DVB-T2/C/S2, 3 HDMI - 2 USB GİRİŞİ, F , Parlaklık 400 nits;;46.740 TL;38950;36999;;
2TV7;B75 E 795 B ;75inç, LED TV (189cm), Android, Netflix, Siyah, Micro Dimming, HDR10+,Dolby Vision, 2 x 15 / 30 Watt nominal / müzik gücü, DVB-T2/C/S2, 3 HDMI - 2 USB GİRİŞİ, F , Parlaklık 400 nits;;63.162 TL;52635;49999;;
2TV5;B55 E 795 B ;55inç, LED TV (139cm), Android, Netflix, Sİyah, Micro Dimming, HDR10+, Dolby Vision,2 x 10 / 20 Watt nominal / müzik gücü, DVB-T2/C/S2, 3 HDMI - 2 USB GİRİŞİ, F , Parlaklık 250 nits;;29.052 TL;0;21999;BEKONOMİK NAKİT;
EK GARANTİ KODU;4K , NETFLIX ÖZELLİKLİ ANDROID UHD GOOGLE TV'LER;;;Eski Fiyat;Liste Fiyatı;Peşin Fiyat;KAMPANYASI;
2TV8;B50 D 895 A;50inç, LED TV (126cm), Android, Netflix, Dört Çekirdek, Antrasit, Micro Dimming, HDR, 2 x 10 / 20 Watt nominal / müzik gücü, DVB-T2/C/S2, 2 HDMI - 2 USB GİRİŞİ, GÜMÜŞ RENK, F;;31.578 TL;26315;24999;ÖZEL FİYATLI ÜRÜN;
2TV9;B55 E 895 A;55inç, LED TV (139cm), Android, Netflix, Micro Dimming, HDR10+, Dolby Vision, 2 x 10 / 20 Watt nominal / müzik gücü, DVB-T2/C/S2, 2 HDMI - 2 USB GİRİŞİ, GÜMÜŞ RENK, F, Parlaklık 300 NITS;;31.578 TL;29475;27999;;
2TV10;B65 E 895 A;65inç, LED TV (164cm), Android, Netflix, Micro Dimming, HDR10+, Dolby Vision, 2 x 10 / 20 Watt nominal / müzik gücü, DVB-T2/C/S2, 2 HDMI - 2 USB GİRİŞİ, GÜMÜŞ RENK, F, Parlaklık 300nits;;49.266 TL;41055;38999;;
2TV11;B75 E 895 A;75inç, LED TV (189cm), Android, Netflix, Micro Dimming, HDR10+, Dolby Vision, 2 x 15 / 30 Watt nominal / müzik gücü, DVB-T2/C/S2, 2 HDMI - 2 USB GİRİŞİ, GÜMÜŞ RENK, E , Parlaklık 400 nits;;65.688 TL;54740;51999;;
EK GARANTİ KODU;9 SERİSİ , 4K , NETFLIX ÖZELLİKLİ ANDROID UHD GOOGLE TV'LER;;;Eski Fiyat;Liste Fiyatı;Peşin Fiyat;KAMPANYASI;
2TV8;B55 D 986 S;55inç LED TV (139 cm) , GOOGLE TV,4K UHD,GÜMÜŞ, ANDROID, NETFLIX, SMART, Wi-Fi, uydu alıcılı,F;;31.578 TL;26315;24999;WEB ÖZEL ;
2TV12;B65 D 986 S;65inç LED TV (164 cm)GOOGLE TV, 4K UHD,, Gümüş, ANDROID, NETFLIX, SMART, Wi-Fi, uydu alıcılı,F;;42.948 TL;35790;33999;;
EK GARANTİ KODU; QLED TV'LER;;;Eski Fiyat;Liste Fiyatı;Peşin Fiyat;KAMPANYASI;
2TV13;B55 QE 988 A;55inç QLED TV(139 cm)4K UHD,60 Hz,Antrasit,ANDROID GOOGLE,NETFLIX,SMART,WIFI, UYDU ALICILI, F, PARLAKLIK 330 NITS, Micro Dimming, HDR10+, Dolby Vision, 2 x 10 / 20 Watt nominal / müzik gücü, DVB-T2/C/S2, 2 HDMI - 2 USB GİRİŞİ;;37.896 TL;31580;29999;ÖZEL FİYATLI ÜRÜN;
2TV14;B65 Q 987 A;65inç QLED TV(164 cm)4K UHD,60 Hz,Antrasit,ANDROID GOOGLE,NETFLIX,SMART,WIFI, UYDU ALICILI, F, Micro Dimming, HDR10+, Dolby Vision, 2 x 15 / 30 Watt nominal / müzik gücü, DVB-T2/C/S2, 2 HDMI - 2 USB GİRİŞİ;;53.052 TL;44210;41999;;
2TV15;B75 QE 988 A;75inç QLED TV(189 cm)4K UHD,60 Hz,Antrasit,ANDROID GOOGLE,NETFLIX,SMART,WIFI, UYDU ALICILI, F, PARLAKLIK 350 NITS, Micro Dimming, HDR10+, Dolby Vision,Dolby Atmos, 2 x 15 / 30 Watt nominal / müzik gücü, DVB-T2/C/S2, 2 HDMI - 2 USB GİRİŞİ;;75.792 TL;63160;59999;;
2TV16;B55 Q 990 AY;55inç QLED TV(139 cm)4K UHD,120 Hz,Antrasit,ANDROID GOOGLE,NETFLIX,SMART,WIFI, UYDU ALICILI, G, PARLAKLIK 400 NITS, Micro Dimming, HDR10+, Dolby Vision, 2 x 15 / 30 Watt nominal / müzik gücü, DVB-T2/C/S2, 2 HDMI - 2 USB GİRİŞİ;;40.422 TL;33685;31999;;
2TV17;B65 Q 990 AY;65inç QLED TV(164 cm)4K UHD,120 Hz,Antrasit,ANDROID GOOGLE,NETFLIX,SMART,WIFI, UYDU ALICILI, G, PARLAKLIK 400 NITS, Micro Dimming, HDR10+, Dolby Vision, 2 x 15 / 30 Watt nominal / müzik gücü, DVB-T2/C/S2, 2 HDMI - 2 USB GİRİŞİ;;55.578 TL;46315;43999;;
